{
"name": "LV_Controller",
"flags": {
	"0": { "outline": [[1.01453,0.0542948],[1.0133,0.0387537],[1.00961,0.0247706],[1.00346,0.0123453],[0.994854,0.00147784],[0.983787,-0.00783169],[0.970261,-0.0155833],[0.539495,-0.219142],[0.525969,-0.224174],[0.514902,-0.225323],[0.506295,-0.222591],[0.500147,-0.215976],[0.496458,-0.205479],[0.495228,-0.1911],[0.495228,0.00223264],[0.496458,0.0177737],[0.500147,0.0317569],[0.506295,0.0441822],[0.514902,0.0550496],[0.525969,0.0643591],[0.539495,0.0721108],[0.970261,0.27567],[0.983787,0.280701],[0.994854,0.281851],[1.00346,0.279118],[1.00961,0.272504],[1.0133,0.262007],[1.01453,0.247628]] },
	"1": { "outline": [[0.451548,0.327226],[0.452823,0.318301],[0.456648,0.311926],[0.463023,0.308101],[0.471948,0.306826],[0.518508,0.306826],[0.527433,0.308101],[0.533808,0.311926],[0.537633,0.318301],[0.538908,0.327226],[0.538908,0.655597],[0.537633,0.664522],[0.533808,0.670897],[0.527433,0.674722],[0.518508,0.675997],[0.471948,0.675997],[0.463023,0.674722],[0.456648,0.670897],[0.452823,0.664522],[0.451548,0.655597]] },
	"2": { "outline": [[0.0201954,-0.0155833],[0.00666955,-0.00783169],[-0.00439703,0.00147784],[-0.0130044,0.0123453],[-0.0191525,0.0247706],[-0.0228414,0.0387537],[-0.0240709,0.0542948],[-0.0240709,0.247628],[-0.0228414,0.262007],[-0.0191525,0.272504],[-0.0130044,0.279118],[-0.00439703,0.281851],[0.00666955,0.280701],[0.0201954,0.27567],[0.450962,0.0721108],[0.464488,0.0643591],[0.475554,0.0550496],[0.484162,0.0441822],[0.49031,0.0317569],[0.493999,0.0177737],[0.495228,0.00223264],[0.495228,-0.1911],[0.493999,-0.205479],[0.49031,-0.215976],[0.484162,-0.222591],[0.475554,-0.225323],[0.464488,-0.224174],[0.450962,-0.219142]] },
	"3": { "outline": [[0.699228,0.806643],[0.69762,0.832211],[0.692819,0.857376],[0.684903,0.88174],[0.673995,0.904921],[0.660268,0.926551],[0.643938,0.946291],[0.625263,0.963828],[0.604537,0.978886],[0.582087,0.991228],[0.558268,1.00066],[0.533454,1.00703],[0.508038,1.01024],[0.482419,1.01024],[0.457002,1.00703],[0.432189,1.00066],[0.408369,0.991228],[0.38592,0.978886],[0.365194,0.963828],[0.346519,0.946291],[0.330189,0.926551],[0.316462,0.904921],[0.305554,0.88174],[0.297637,0.857376],[0.292837,0.832211],[0.291228,0.806643],[0.292837,0.781075],[0.297637,0.75591],[0.305554,0.731546],[0.316462,0.708365],[0.330189,0.686735],[0.346519,0.666995],[0.365194,0.649458],[0.38592,0.6344],[0.408369,0.622058],[0.432189,0.612627],[0.457003,0.606256],[0.482419,0.603046],[0.508038,0.603046],[0.533454,0.606256],[0.558268,0.612628],[0.582087,0.622058],[0.604537,0.6344],[0.625263,0.649458],[0.643938,0.666995],[0.660268,0.686735],[0.673995,0.708365],[0.684903,0.731546],[0.692819,0.75591],[0.69762,0.781075]] }
},
"outline": [[0.69762,0.832211],[0.699228,0.806643],[0.69762,0.781075],[0.692819,0.75591],[0.684903,0.731546],[0.673995,0.708365],[0.660268,0.686735],[0.643938,0.666995],[0.625263,0.649458],[0.604537,0.6344],[0.582087,0.622058],[0.558268,0.612628],[0.538908,0.607657],[0.538908,0.499121],[0.969768,0.295518],[0.977574,0.290934],[0.983203,0.284654],[0.988066,0.278527],[0.991418,0.269829],[0.993431,0.263678],[0.994248,0.253439],[0.994248,0.0484834],[0.993431,0.0382446],[0.991418,0.0320941],[0.988066,0.0233957],[0.983203,0.0172682],[0.977574,0.0109888],[0.969768,0.0064047],[0.519708,-0.206271],[0.512106,-0.209618],[0.503642,-0.212634],[0.495228,-0.21306],[0.491403,-0.212867],[0.49031,-0.215976],[0.484162,-0.222591],[0.475554,-0.225323],[0.464488,-0.224174],[0.450962,-0.219142],[0.0201954,-0.0155833],[0.00666955,-0.00783169],[-0.00439703,0.00147784],[-0.0130044,0.0123453],[-0.0191525,0.0247706],[-0.0228414,0.0387537],[-0.0240709,0.0542948],[-0.0240709,0.247628],[-0.0228414,0.262007],[-0.0191525,0.272504],[-0.0130044,0.279118],[-0.00439703,0.281851],[0.00431073,0.280946],[0.00725386,0.284654],[0.0128824,0.290934],[0.0206889,0.295518],[0.0822513,0.324609],[0.0864306,0.333286],[0.0923137,0.339998],[0.101672,0.349856],[0.109314,0.354562],[0.119272,0.35938],[0.126314,0.361933],[0.134514,0.363538],[0.143314,0.364086],[0.152114,0.363538],[0.160314,0.361933],[0.160835,0.361744],[0.451548,0.499121],[0.451548,0.607657],[0.432189,0.612627],[0.408369,0.622058],[0.38592,0.6344],[0.365194,0.649458],[0.346519,0.666995],[0.330189,0.686735],[0.316462,0.708365],[0.305554,0.731546],[0.297637,0.75591],[0.292837,0.781075],[0.291228,0.806643],[0.292837,0.832211],[0.297637,0.857376],[0.305554,0.88174],[0.316462,0.904921],[0.330189,0.926551],[0.346519,0.946291],[0.365194,0.963828],[0.38592,0.978886],[0.408369,0.991228],[0.432189,1.00066],[0.457002,1.00703],[0.482419,1.01024],[0.508038,1.01024],[0.533454,1.00703],[0.558268,1.00066],[0.582087,0.991228],[0.604537,0.978886],[0.625263,0.963828],[0.643938,0.946291],[0.660268,0.926551],[0.673995,0.904921],[0.684903,0.88174],[0.692819,0.857376]],
"inputs": [[0.2244,0.81,172.5],[0.233791,0.88133,165],[0.261323,0.9478,150],[0.305121,1.00488,135],[0.3622,1.04868,120],[0.428669,1.07621,105],[0.5,1.0856,90],[0.571331,1.07621,75],[0.6378,1.04868,60],[0.694879,1.00488,45],[0.738677,0.9478,30],[0.766209,0.88133,15],[0.7756,0.81,7.50006]],
"outputs": [[0.0168,-0.108,234.434],[0.0757422,-0.150146,237.662],[0.145403,-0.189419,243.889],[0.224675,-0.223144,250.292],[0.311794,-0.249022,256.807],[0.404461,-0.26529,263.388],[0.5,-0.270838,270],[0.595539,-0.26529,276.612],[0.688206,-0.249022,283.193],[0.775325,-0.223144,289.708],[0.854597,-0.189419,296.111],[0.924258,-0.150146,302.338],[0.9832,-0.108,305.566]],
"icon": [[0.3738,0.6738],[0.6262,0.9262]]
}