{
"name": "LV_SideWays",
"flags": {
	"0": { "outline": [[0.65,-0.2392],[0.65,-0.31],[0.6393,-0.3369],[0.61,-0.35],[0.39,-0.35],[0.3616,-0.3379],[0.35,-0.3094],[0.35,-0.2008]] },
	"1": { "outline": [[0.65,-0.0981],[0.65,-0.2392],[0.35,-0.2008],[0.35,-0.0606]] },
	"2": { "outline": [[0.65,0.5008],[0.65,0.3608],[0.35,0.3992],[0.35,0.5392]] },
	"3": { "outline": [[0.3607,0.6369],[0.39,0.65],[0.61,0.65],[0.6384,0.6379],[0.65,0.6094],[0.65,0.5008],[0.35,0.5392],[0.35,0.61]] }
},
"outline": [[0.39,-0.35],[0.3616,-0.3379],[0.35,-0.3094],[0.35,0.61],[0.3607,0.6369],[0.39,0.65],[0.61,0.65],[0.6384,0.6379],[0.65,0.6094],[0.65,-0.31],[0.6393,-0.3369],[0.61,-0.35]],
"inputs": [[0.3552,0.75,90],[0.379333,0.75,90],[0.403467,0.75,90],[0.4276,0.75,90],[0.451733,0.75,90],[0.475867,0.75,90],[0.5,0.75,90],[0.524133,0.75,90],[0.548267,0.75,90],[0.5724,0.75,90],[0.596533,0.75,90],[0.620667,0.75,90],[0.6448,0.75,90]],
"outputs": [[0.3552,-0.49,270],[0.379333,-0.49,270],[0.403467,-0.49,270],[0.4276,-0.49,270],[0.451733,-0.49,270],[0.475867,-0.49,270],[0.5,-0.49,270],[0.524133,-0.49,270],[0.548267,-0.49,270],[0.5724,-0.49,270],[0.596533,-0.49,270],[0.620667,-0.49,270],[0.6448,-0.49,270]],
"icon": [[0.38,0.03],[0.62,0.27]]
}