{"name": "", "isColor": false, "ramp_basis": 5, "ramp_keys": [0.0, 0.38116592168807983, 0.5717488527297974, 1.0], "ramp_values": [0.0, 0.13782991468906403, 0.9501466155052185, 1.0], "plot_values": [0.0, 0.007232016883790493, 0.014464033767580986, 0.021696049720048904, 0.028992099687457085, 0.0367276631295681, 0.045192621648311615, 0.0545632429420948, 0.06498038023710251, 0.07657764852046967, 0.08949556201696396, 0.10389130562543869, 0.11994800716638565, 0.13788548111915588, 0.1579744815826416, 0.18055716156959534, 0.2060784250497818, 0.2351362109184265, 0.268535315990448, 0.30668845772743225, 0.34932103753089905, 0.39585840702056885, 0.4454197883605957, 0.4968452751636505, 0.5487884879112244, 0.5998603701591492, 0.6487839818000793, 0.6945165991783142, 0.7363092303276062, 0.7737059593200684, 0.8065015077590942, 0.8346946239471436, 0.8587660193443298, 0.8794860243797302, 0.8974260091781616, 0.9130102396011353, 0.92656409740448, 0.938344419002533, 0.948558509349823, 0.9573777318000793, 0.9649468660354614, 0.9713913798332214, 0.9768236875534058, 0.9813499450683594, 0.9850776195526123, 0.9881304502487183, 0.9906793832778931, 0.9930152893066406, 0.9953435063362122, 0.9976717233657837]}