{"name": "", "isColor": true, "ramp_basis": 0, "ramp_keys": [0.0, 0.1666666716337204, 0.3333333432674408, 0.5, 0.6666666865348816, 0.8333333134651184, 1.0], "ramp_values": [[0.0, 0.0, 0.0], [0.1411764770746231, 0.2980392277240753, 0.6352941393852234], [0.8980392217636108, 0.5176470875740051, 0.7372549176216125], [0.9254902005195618, 0.4274509847164154, 0.5058823823928833], [0.9450980424880981, 0.6196078658103943, 0.4901960790157318], [0.9686274528503418, 0.8666666746139526, 0.7137255072593689], [0.9647058844566345, 0.8980392217636108, 0.8705882430076599]], "plot_values": [[0.0, 0.0, 0.0], [0.01694117672741413, 0.03576470538973808, 0.07623529434204102], [0.03388235345482826, 0.07152941077947617, 0.15247058868408203], [0.05082353204488754, 0.10729411989450455, 0.22870588302612305], [0.06776470690965652, 0.14305882155895233, 0.30494117736816406], [0.0847058817744255, 0.1788235306739807, 0.3811764717102051], [0.10164706408977509, 0.2145882397890091, 0.4574117660522461], [0.11858823895454407, 0.2503529489040375, 0.5336470603942871], [0.13552941381931305, 0.28611764311790466, 0.6098823547363281], [0.20172546803951263, 0.31560784578323364, 0.6434509754180908], [0.2925489842891693, 0.3419607877731323, 0.6556863188743591], [0.3833725154399872, 0.368313729763031, 0.6679216027259827], [0.47419604659080505, 0.3946666717529297, 0.6801568865776062], [0.5650195479393005, 0.42101961374282837, 0.6923921704292297], [0.6558430790901184, 0.44737255573272705, 0.7046274542808533], [0.7466666102409363, 0.47372549772262573, 0.7168627381324768], [0.8374901413917542, 0.5000784397125244, 0.7290980219841003], [0.8991372585296631, 0.5140392780303955, 0.7279999852180481], [0.9024313688278198, 0.5032157301902771, 0.7002353072166443], [0.9057254791259766, 0.4923921823501587, 0.6724706292152405], [0.9090195894241333, 0.4815686345100403, 0.6447058916091919], [0.9123137593269348, 0.47074511647224426, 0.6169412136077881], [0.9156078696250916, 0.45992159843444824, 0.5891765356063843], [0.9189019799232483, 0.44909805059432983, 0.5614117980003357], [0.922196090221405, 0.4382745325565338, 0.5336470603942871], [0.9254902005195618, 0.4274509847164154, 0.5058823823928833], [0.9278430938720703, 0.45050981640815735, 0.5040000081062317], [0.9301961064338684, 0.4735686182975769, 0.5021176338195801], [0.932548999786377, 0.49662747979164124, 0.5002353191375732], [0.9349019527435303, 0.5196862816810608, 0.498352974653244], [0.9372549057006836, 0.5427451133728027, 0.4964706003665924], [0.9396078586578369, 0.5658039450645447, 0.4945882558822632], [0.9419608116149902, 0.5888627767562866, 0.4927058815956116], [0.9443137049674988, 0.6119215488433838, 0.49082353711128235], [0.946980357170105, 0.6393725275993347, 0.508078396320343], [0.94980388879776, 0.6690195798873901, 0.5349019765853882], [0.952627420425415, 0.6986666917800903, 0.5617254972457886], [0.9554509520530701, 0.7283137440681458, 0.588549017906189], [0.9582745432853699, 0.7579607963562012, 0.6153725385665894], [0.9610980749130249, 0.7876078486442566, 0.6421961188316345], [0.9639216065406799, 0.817254900932312, 0.6690196394920349], [0.9667450785636902, 0.8469020128250122, 0.6958431601524353], [0.968470573425293, 0.8679215908050537, 0.7200000882148743], [0.9679999947547913, 0.8716862797737122, 0.7388235330581665], [0.9675294160842896, 0.8754510283470154, 0.7576470375061035], [0.9670588374137878, 0.879215657711029, 0.7764706015586853], [0.9665882587432861, 0.8829804062843323, 0.7952941656112671], [0.9661176204681396, 0.8867450952529907, 0.8141176700592041], [0.9656470417976379, 0.8905097842216492, 0.8329411745071411], [0.9651764631271362, 0.8942745327949524, 0.8517647385597229]]}