{"name": "", "isColor": true, "ramp_basis": 2, "ramp_keys": [0.0, 0.17019027471542358, 0.2737843692302704, 0.4767441749572754, 0.6384778022766113, 0.7431289553642273, 1.0], "ramp_values": [[0.7595081329345703, 0.6920880675315857, 0.7638235688209534], [0.8158842921257019, 0.891074538230896, 0.47740933299064636], [0.7960784435272217, 0.8745098114013672, 0.4627451002597809], [0.7680000066757202, 0.8199529647827148, 0.9411764740943909], [0.9457994103431702, 0.7725734710693359, 0.6221719980239868], [0.9620000123977661, 0.8129830956459045, 0.6791719794273376], [0.7595081329345703, 0.6920880675315857, 0.7638235688209534]], "plot_values": [[0.7595081329345703, 0.6920880675315857, 0.7638235688209534], [0.7640177011489868, 0.7076801061630249, 0.7416157126426697], [0.7704910039901733, 0.7297264933586121, 0.7104616761207581], [0.7782828211784363, 0.7562091946601868, 0.6730791926383972], [0.7867475748062134, 0.7851098775863647, 0.6321855783462524], [0.795240044593811, 0.8144104480743408, 0.5904985070228577], [0.8031147718429565, 0.8420923948287964, 0.5507352948188782], [0.809726357460022, 0.8661378026008606, 0.5156135559082031], [0.8144294619560242, 0.8845282793045044, 0.48785072565078735], [0.8169986009597778, 0.8980245590209961, 0.4634741544723511], [0.8159893751144409, 0.9031609296798706, 0.4388147294521332], [0.8117945790290833, 0.8993582129478455, 0.4231560528278351], [0.8058801293373108, 0.8904495239257812, 0.4212764501571655], [0.7997121214866638, 0.8802679181098938, 0.4379543364048004], [0.795244038105011, 0.8733824491500854, 0.4706644117832184], [0.7913612723350525, 0.869271457195282, 0.5061851739883423], [0.7861244082450867, 0.8645229935646057, 0.554169774055481], [0.7801483273506165, 0.8592665195465088, 0.6109135746955872], [0.7740477323532104, 0.8536319136619568, 0.6727118492126465], [0.768437385559082, 0.8477486968040466, 0.7358598709106445], [0.7639319896697998, 0.8417465090751648, 0.7966530919075012], [0.7611463665962219, 0.8357551097869873, 0.8513867855072021], [0.760695219039917, 0.8299041986465454, 0.8963562846183777], [0.7631933093070984, 0.824323296546936, 0.9278568625450134], [0.769621729850769, 0.8189123868942261, 0.9423866271972656], [0.7841452956199646, 0.8119848370552063, 0.9340081214904785], [0.8050125241279602, 0.804466187953949, 0.9032318592071533], [0.8301385641098022, 0.7968136072158813, 0.8567148447036743], [0.8574389219284058, 0.789484441280365, 0.8011138439178467], [0.8848288059234619, 0.7829359769821167, 0.7430858016014099], [0.9102234840393066, 0.7776256203651428, 0.689287543296814], [0.9315384030342102, 0.7740105986595154, 0.6463760733604431], [0.9471991658210754, 0.7725580334663391, 0.6203426122665405], [0.9632897973060608, 0.7778976559638977, 0.6090336441993713], [0.9742769002914429, 0.7899282574653625, 0.616331160068512], [0.978965163230896, 0.8034339547157288, 0.6349403262138367], [0.976158857345581, 0.8131985664367676, 0.6575666666030884], [0.9646624326705933, 0.8140062093734741, 0.67691570520401], [0.9545618295669556, 0.8094234466552734, 0.6841096878051758], [0.942660927772522, 0.8030551075935364, 0.6906139254570007], [0.9279804825782776, 0.7947348952293396, 0.697673499584198], [0.9111168384552002, 0.7848623394966125, 0.7051292657852173], [0.8926664590835571, 0.7738370895385742, 0.7128222584724426], [0.8732256889343262, 0.762058675289154, 0.7205934524536133], [0.8533909916877747, 0.7499266862869263, 0.7282838821411133], [0.8337587714195251, 0.7378408312797546, 0.7357343435287476], [0.8149253726005554, 0.7262005805969238, 0.7427859902381897], [0.7974871397018433, 0.7154055833816528, 0.749279797077179], [0.7820406556129456, 0.7058554291725159, 0.755056619644165], [0.7691821455955505, 0.6979497671127319, 0.7599576115608215]]}