{"name": "", "isColor": false, "ramp_basis": 5, "ramp_keys": [0.0, 0.03811659291386604, 0.38116592168807983, 0.5717488527297974, 1.0], "ramp_values": [0.0, 0.9472140669822693, 0.13782991468906403, 0.9501466155052185, 1.0], "plot_values": [0.0, 0.39571309089660645, 0.5471082925796509, 0.6178629398345947, 0.6490486860275269, 0.6556602716445923, 0.6473921537399292, 0.6305984258651733, 0.6086567044258118, 0.5836569666862488, 0.5570619106292725, 0.5300045609474182, 0.5034465193748474, 0.4782754182815552, 0.4553782641887665, 0.4357073903083801, 0.42035582661628723, 0.41065821051597595, 0.4083423316478729, 0.41496455669403076, 0.43060848116874695, 0.4547446668148041, 0.4863522946834564, 0.5239449739456177, 0.5656960606575012, 0.6096396446228027, 0.6538887619972229, 0.6968088150024414, 0.7371126413345337, 0.7738776206970215, 0.8065091371536255, 0.8346946239471436, 0.8587660193443298, 0.8794860243797302, 0.8974260091781616, 0.9130102396011353, 0.92656409740448, 0.938344419002533, 0.948558509349823, 0.9573777318000793, 0.9649468660354614, 0.9713913798332214, 0.9768236875534058, 0.9813499450683594, 0.9850776195526123, 0.9881304502487183, 0.9906793832778931, 0.9930152893066406, 0.9953435063362122, 0.9976717233657837]}