{"name": "", "isColor": true, "ramp_basis": 0, "ramp_keys": [0.0, 0.3333300054073334, 0.666670024394989, 1.0], "ramp_values": [[0.0, 0.0, 0.0], [1.0, 0.0, 0.0], [1.0, 1.0, 0.0], [1.0, 1.0, 1.0]], "plot_values": [[0.0, 0.0, 0.0], [0.030000299215316772, 0.0, 0.0], [0.060000598430633545, 0.0, 0.0], [0.09000089764595032, 0.0, 0.0], [0.12000119686126709, 0.0, 0.0], [0.15000149607658386, 0.0, 0.0], [0.18000179529190063, 0.0, 0.0], [0.2100020945072174, 0.0, 0.0], [0.24000239372253418, 0.0, 0.0], [0.27000269293785095, 0.0, 0.0], [0.3000029921531677, 0.0, 0.0], [0.3300032913684845, 0.0, 0.0], [0.36000359058380127, 0.0, 0.0], [0.39000388979911804, 0.0, 0.0], [0.4200041890144348, 0.0, 0.0], [0.4500044882297516, 0.0, 0.0], [0.48000478744506836, 0.0, 0.0], [0.5100051164627075, 0.0, 0.0], [0.5400053858757019, 0.0, 0.0], [0.5700057148933411, 0.0, 0.0], [0.6000059843063354, 0.0, 0.0], [0.6300063133239746, 0.0, 0.0], [0.660006582736969, 0.0, 0.0], [0.6900069117546082, 0.0, 0.0], [0.7200071811676025, 0.0, 0.0], [0.7500075101852417, 0.0, 0.0], [0.7800077795982361, 0.0, 0.0], [0.8100081086158752, 0.0, 0.0], [0.8400083780288696, 0.0, 0.0], [0.8700087070465088, 0.0, 0.0], [0.9000089764595032, 0.0, 0.0], [0.9300093054771423, 0.0, 0.0], [0.9600095748901367, 0.0, 0.0], [0.9900099039077759, 0.0, 0.0], [1.0, 0.020009582862257957, 0.0], [1.0, 0.05000898241996765, 0.0], [1.0, 0.0800083801150322, 0.0], [1.0, 0.11000777781009674, 0.0], [1.0, 0.14000718295574188, 0.0], [1.0, 0.17000657320022583, 0.0], [1.0, 0.20000597834587097, 0.0], [1.0, 0.23000536859035492, 0.0], [1.0, 0.26000475883483887, 0.0], [1.0, 0.290004163980484, 0.0], [1.0, 0.32000356912612915, 0.0], [1.0, 0.3500029742717743, 0.0], [1.0, 0.38000234961509705, 0.0], [1.0, 0.4100017547607422, 0.0], [1.0, 0.44000115990638733, 0.0], [1.0, 0.47000056505203247, 0.0], [1.0, 0.4999999701976776, 0.0], [1.0, 0.5299993753433228, 0.0], [1.0, 0.5599987506866455, 0.0], [1.0, 0.5899981260299683, 0.0], [1.0, 0.6199975609779358, 0.0], [1.0, 0.6499969363212585, 0.0], [1.0, 0.6799963712692261, 0.0], [1.0, 0.7099957466125488, 0.0], [1.0, 0.7399951219558716, 0.0], [1.0, 0.7699945569038391, 0.0], [1.0, 0.7999939322471619, 0.0], [1.0, 0.8299933075904846, 0.0], [1.0, 0.8599927425384521, 0.0], [1.0, 0.8899921178817749, 0.0], [1.0, 0.9199915528297424, 0.0], [1.0, 0.9499909281730652, 0.0], [1.0, 0.9799903035163879, 0.0], [1.0, 1.0, 0.0099900271743536], [1.0, 1.0, 0.03999032825231552], [1.0, 1.0, 0.06999063491821289], [1.0, 1.0, 0.09999093413352966], [1.0, 1.0, 0.12999123334884644], [1.0, 1.0, 0.1599915325641632], [1.0, 1.0, 0.18999184668064117], [1.0, 1.0, 0.21999214589595795], [1.0, 1.0, 0.24999244511127472], [1.0, 1.0, 0.2799927592277527], [1.0, 1.0, 0.30999305844306946], [1.0, 1.0, 0.33999335765838623], [1.0, 1.0, 0.369993656873703], [1.0, 1.0, 0.3999939560890198], [1.0, 1.0, 0.42999425530433655], [1.0, 1.0, 0.4599945545196533], [1.0, 1.0, 0.4899948537349701], [1.0, 1.0, 0.5199951529502869], [1.0, 1.0, 0.549995481967926], [1.0, 1.0, 0.5799957513809204], [1.0, 1.0, 0.6099960803985596], [1.0, 1.0, 0.639996349811554], [1.0, 1.0, 0.6699966788291931], [1.0, 1.0, 0.6999969482421875], [1.0, 1.0, 0.7299972772598267], [1.0, 1.0, 0.7599976062774658], [1.0, 1.0, 0.7899978756904602], [1.0, 1.0, 0.8199982047080994], [1.0, 1.0, 0.8499984741210938], [1.0, 1.0, 0.8799988031387329], [1.0, 1.0, 0.9099990725517273], [1.0, 1.0, 0.9399994015693665], [1.0, 1.0, 0.9699996709823608]]}