{"name": "", "isColor": true, "ramp_basis": 0, "ramp_keys": [0.0, 1.0], "ramp_values": [[0.0, 0.0, 0.0], [1.0, 0.32499998807907104, 0.10000000149011612]], "plot_values": [[0.0, 0.0, 0.0], [0.019999999552965164, 0.0064999996684491634, 0.0020000000949949026], [0.03999999910593033, 0.012999999336898327, 0.004000000189989805], [0.05999999865889549, 0.019499998539686203, 0.006000000052154064], [0.07999999821186066, 0.025999998673796654, 0.00800000037997961], [0.10000000149011612, 0.032499998807907104, 0.009999999776482582], [0.11999999731779099, 0.038999997079372406, 0.012000000104308128], [0.14000000059604645, 0.045499999076128006, 0.014000000432133675], [0.1599999964237213, 0.05199999734759331, 0.01600000075995922], [0.18000000715255737, 0.05849999934434891, 0.018000001087784767], [0.20000000298023224, 0.06499999761581421, 0.019999999552965164], [0.2199999988079071, 0.07149999588727951, 0.02199999988079071], [0.23999999463558197, 0.07799999415874481, 0.024000000208616257], [0.25999999046325684, 0.08449999988079071, 0.026000000536441803], [0.2800000011920929, 0.09099999815225601, 0.02800000086426735], [0.30000001192092896, 0.09749999642372131, 0.030000001192092896], [0.3199999928474426, 0.10399999469518661, 0.03200000151991844], [0.3400000035762787, 0.11049999296665192, 0.03400000184774399], [0.36000001430511475, 0.11699999868869781, 0.036000002175569534], [0.3799999952316284, 0.12349999696016312, 0.03799999877810478], [0.4000000059604645, 0.12999999523162842, 0.03999999910593033], [0.41999998688697815, 0.13650000095367432, 0.041999999433755875], [0.4399999976158142, 0.14299999177455902, 0.04399999976158142], [0.46000000834465027, 0.14949999749660492, 0.04600000008940697], [0.47999998927116394, 0.15599998831748962, 0.04800000041723251], [0.5, 0.16249999403953552, 0.05000000074505806], [0.5199999809265137, 0.16899999976158142, 0.052000001072883606], [0.5400000214576721, 0.17549999058246613, 0.05400000140070915], [0.5600000023841858, 0.18199999630451202, 0.0560000017285347], [0.5799999833106995, 0.18849998712539673, 0.058000002056360245], [0.6000000238418579, 0.19499999284744263, 0.06000000238418579], [0.6200000047683716, 0.20149999856948853, 0.06200000271201134], [0.6399999856948853, 0.20799998939037323, 0.06400000303983688], [0.6600000262260437, 0.21449999511241913, 0.06599999964237213], [0.6800000071525574, 0.22099998593330383, 0.06800000369548798], [0.699999988079071, 0.22749999165534973, 0.07000000029802322], [0.7200000286102295, 0.23399999737739563, 0.07200000435113907], [0.7400000095367432, 0.24049998819828033, 0.07400000095367432], [0.7599999904632568, 0.24699999392032623, 0.07599999755620956], [0.7799999713897705, 0.25349998474121094, 0.07800000160932541], [0.800000011920929, 0.25999999046325684, 0.07999999821186066], [0.8199999928474426, 0.26649999618530273, 0.0820000022649765], [0.8399999737739563, 0.27300000190734863, 0.08399999886751175], [0.8600000143051147, 0.27949997782707214, 0.0860000029206276], [0.8799999952316284, 0.28599998354911804, 0.08799999952316284], [0.8999999761581421, 0.29249998927116394, 0.09000000357627869], [0.9200000166893005, 0.29899999499320984, 0.09200000017881393], [0.9399999976158142, 0.30550000071525574, 0.09400000423192978], [0.9599999785423279, 0.31199997663497925, 0.09600000083446503], [0.9800000190734863, 0.31849998235702515, 0.09800000488758087]]}