{"name": "", "isColor": false, "ramp_basis": 3, "ramp_keys": [0.0, 0.5, 1.0], "ramp_values": [1.0, 0.0, 1.0], "plot_values": [1.0, 0.9988160133361816, 0.9953280091285706, 0.9896320104598999, 0.9818239808082581, 0.972000002861023, 0.9602559804916382, 0.9466879963874817, 0.9313920140266418, 0.9144639372825623, 0.8959999680519104, 0.8760959506034851, 0.8548479676246643, 0.8323519825935364, 0.8087040185928345, 0.784000039100647, 0.758336067199707, 0.7318079471588135, 0.7045120000839233, 0.6765440106391907, 0.6480000615119934, 0.6189760565757751, 0.5895678997039795, 0.5598719716072083, 0.5299839973449707, 0.5, 0.4700160324573517, 0.44012805819511414, 0.4104320704936981, 0.3810241222381592, 0.351999968290329, 0.3234559893608093, 0.29548802971839905, 0.2681918740272522, 0.24166391789913177, 0.21599994599819183, 0.19129596650600433, 0.16764798760414124, 0.1451520174741745, 0.1239040270447731, 0.1040000468492508, 0.08553606271743774, 0.06860806792974472, 0.05331198871135712, 0.03974400460720062, 0.028000012040138245, 0.018175967037677765, 0.010367980226874352, 0.004671991337090731, 0.001183997723273933, 0.0, 0.001183997723273933, 0.004671991337090731, 0.010367980226874352, 0.018175967037677765, 0.02799994871020317, 0.039743926376104355, 0.05331190302968025, 0.0686078742146492, 0.08553584665060043, 0.1040000468492508, 0.1239040270447731, 0.1451520174741745, 0.16764798760414124, 0.19129596650600433, 0.21599994599819183, 0.24166423082351685, 0.26819220185279846, 0.295488178730011, 0.32345616817474365, 0.3520001471042633, 0.3810241222381592, 0.4104320704936981, 0.44012805819511414, 0.4700160324573517, 0.5, 0.5299839973449707, 0.5598719716072083, 0.5895678997039795, 0.6189758777618408, 0.6479998826980591, 0.6765438318252563, 0.704511821269989, 0.7318077683448792, 0.7583357691764832, 0.784000039100647, 0.8087040185928345, 0.8323519825935364, 0.8548479676246643, 0.8760959506034851, 0.8959999680519104, 0.9144641757011414, 0.9313921332359314, 0.9466881155967712, 0.9602560997009277, 0.9720000624656677, 0.9818240404129028, 0.9896320104598999, 0.9953280091285706, 0.9988160133361816]}