{"name": "", "isColor": false, "ramp_basis": 5, "ramp_keys": [0.11136363446712494, 0.21477273106575012, 0.28977271914482117, 0.3693181872367859, 0.6363636255264282, 0.7215909361839294, 0.8238636255264282, 0.9227272868156433], "ramp_values": [0.0, 0.0, 1.0, 1.0, 1.0, 1.0, 0.0, 0.0], "plot_values": [0.0, 0.0, 0.0, 0.0, 0.0, 0.0, 0.0, 0.001107341842725873, 0.014792549423873425, 0.05051356181502342, 0.11713718622922897, 0.2294565588235855, 0.39082080125808716, 0.5781399011611938, 0.7565270662307739, 0.8869661688804626, 0.9561609029769897, 0.9859176278114319, 0.9967159628868103, 0.9996581077575684, 1.0, 1.0, 1.0, 1.0, 0.9999999403953552, 1.0, 1.0, 1.0, 1.0, 1.0, 0.9999999403953552, 0.9999062418937683, 0.9983528852462769, 0.9918143153190613, 0.9735976457595825, 0.9326062798500061, 0.8559457063674927, 0.7394947409629822, 0.5976102352142334, 0.44766655564308167, 0.3048410415649414, 0.18356697261333466, 0.09622492641210556, 0.040542297065258026, 0.010264245793223381, 0.0002464846184011549, 0.0, 0.0, 0.0, 0.0]}