{"name": "test", "isColor": true, "ramp_basis": 2, "ramp_keys": [0.0, 0.8999999761581421, 1.0], "ramp_values": [[0.4000000059604645, 0.3199999928474426, 0.20000000298023224], [0.7200000286102295, 0.7059999704360962, 0.4050000011920929], [1.0, 1.0, 1.0]], "plot_values": [[0.4000000059604645, 0.3199999928474426, 0.20000000298023224], [0.40181949734687805, 0.32219743728637695, 0.20114025473594666], [0.40372148156166077, 0.32449960708618164, 0.20228372514247894], [0.40570443868637085, 0.3269044756889343, 0.20343120396137238], [0.4077669084072113, 0.3294101357460022, 0.20458342134952545], [0.40990743041038513, 0.3320145606994629, 0.20574116706848145], [0.4121244549751282, 0.334715873003006, 0.20690518617630005], [0.4144165515899658, 0.33751198649406433, 0.20807623863220215], [0.4167822003364563, 0.3404009938240051, 0.20925508439540863], [0.4192200303077698, 0.34338098764419556, 0.21044251322746277], [0.4217284023761749, 0.34644994139671326, 0.21163924038410187], [0.4243059456348419, 0.34960585832595825, 0.2128460556268692], [0.426951140165329, 0.35284683108329773, 0.21406370401382446], [0.42966246604919434, 0.3561708331108093, 0.21529296040534973], [0.43243852257728577, 0.35957592725753784, 0.2165345847606659], [0.4352777600288391, 0.3630601763725281, 0.21778935194015503], [0.43817877769470215, 0.36662158370018005, 0.21905799210071564], [0.44113999605178833, 0.3702581524848938, 0.22034130990505219], [0.44415998458862305, 0.3739679753780365, 0.2216399908065796], [0.4472372829914093, 0.37774908542633057, 0.2229548841714859], [0.4503704011440277, 0.38159945607185364, 0.22428669035434723], [0.4535577893257141, 0.3855171501636505, 0.22563619911670685], [0.4567980468273163, 0.3895002007484436, 0.22700417041778564], [0.46008962392807007, 0.3935466408729553, 0.2283913642168045], [0.46343111991882324, 0.3976545035839081, 0.22979852557182312], [0.46682101488113403, 0.4018218517303467, 0.23122642934322357], [0.47025781869888306, 0.40604665875434875, 0.23267583549022675], [0.47374001145362854, 0.4103269875049591, 0.23414750397205353], [0.47726622223854065, 0.41466087102890015, 0.2356421947479248], [0.48083484172821045, 0.4190463721752167, 0.23716068267822266], [0.4844444692134857, 0.42348146438598633, 0.23870369791984558], [0.4880935549736023, 0.4279642105102539, 0.24027203023433685], [0.49178075790405273, 0.4324927031993866, 0.24186645448207855], [0.4955044686794281, 0.4370648264884949, 0.24348768591880798], [0.4992632567882538, 0.4416787624359131, 0.24513652920722961], [0.5030555725097656, 0.44633248448371887, 0.24681371450424194], [0.5068800449371338, 0.45102396607398987, 0.24851998686790466], [0.5107350945472717, 0.45575135946273804, 0.25025618076324463], [0.5146192908287048, 0.460512638092041, 0.25202301144599915], [0.5185311436653137, 0.46530580520629883, 0.2538212239742279], [0.5224691033363342, 0.4701289236545563, 0.255651593208313], [0.5264318585395813, 0.47498002648353577, 0.2575148940086365], [0.530417799949646, 0.4798571765422821, 0.25941184163093567], [0.5344254970550537, 0.4847583472728729, 0.2613432705402374], [0.5384533405303955, 0.489681601524353, 0.26330992579460144], [0.5425000190734863, 0.4946249723434448, 0.265312522649765], [0.546563982963562, 0.4995864927768707, 0.26735180616378784], [0.5506437420845032, 0.5045642256736755, 0.26942864060401917], [0.5547378063201904, 0.5095561146736145, 0.2715437114238739], [0.5588447451591492, 0.5145602822303772, 0.27369776368141174], [0.5629629492759705, 0.5195747017860413, 0.27589166164398193], [0.567091166973114, 0.5245975255966187, 0.2781260013580322], [0.5712276697158813, 0.5296266078948975, 0.28040170669555664], [0.5753711462020874, 0.5346601009368896, 0.2827194333076477], [0.5795199871063232, 0.5396959781646729, 0.2850800156593323], [0.5836728811264038, 0.5447323322296143, 0.28748413920402527], [0.5878281593322754, 0.5497671365737915, 0.28993263840675354], [0.5919844508171082, 0.554798424243927, 0.292426198720932], [0.5961402654647827, 0.5598243474960327, 0.2949656546115875], [0.6002941131591797, 0.5648427605628967, 0.2975517511367798], [0.6044444441795349, 0.569851815700531, 0.3001852035522461], [0.6085898876190186, 0.5748494863510132, 0.3028668165206909], [0.6127289533615112, 0.5798339247703552, 0.30559733510017395], [0.616860032081604, 0.5848029851913452, 0.3083775043487549], [0.620981752872467, 0.5897548198699951, 0.3112081289291382], [0.625092625617981, 0.5946874022483826, 0.31408995389938354], [0.6291911005973816, 0.59959876537323, 0.31702372431755066], [0.6332758069038391, 0.6044870018959045, 0.3200101852416992], [0.6373451948165894, 0.6093501448631287, 0.3230501413345337], [0.6413978338241577, 0.61418616771698, 0.32614436745643616], [0.6454321146011353, 0.6189931035041809, 0.3292935788631439], [0.6494466662406921, 0.6237690448760986, 0.3324985206127167], [0.653439998626709, 0.6285119652748108, 0.3357599973678589], [0.6574106812477112, 0.6332199573516846, 0.33907878398895264], [0.661357045173645, 0.6378909945487976, 0.34245559573173523], [0.6652777791023254, 0.6425231099128723, 0.34589120745658875], [0.6691713929176331, 0.6471143960952759, 0.34938639402389526], [0.6730363368988037, 0.6516628861427307, 0.35294193029403687], [0.6768711805343628, 0.6561665534973145, 0.35655853152275085], [0.6806743741035461, 0.6606234312057495, 0.3602369725704193], [0.6844444870948792, 0.6650315523147583, 0.3639780580997467], [0.6881800293922424, 0.669389009475708, 0.36778250336647034], [0.6918795108795166, 0.6736937761306763, 0.3716510832309723], [0.6955415606498718, 0.6779439449310303, 0.37558460235595703], [0.6991645097732544, 0.6821374893188477, 0.3795837163925171], [0.7027469873428345, 0.6862724423408508, 0.3836492598056793], [0.7062874436378479, 0.690346896648407, 0.3877820074558258], [0.7097845077514648, 0.6943588852882385, 0.39198270440101624], [0.7132365703582764, 0.6983063220977783, 0.3962520658969879], [0.7166422605514526, 0.7021873593330383, 0.4005909264087677], [0.7200000882148743, 0.706000030040741, 0.40500009059906006], [0.7508800625801086, 0.7404490113258362, 0.4513826072216034], [0.7830401062965393, 0.7753920555114746, 0.5085601210594177], [0.81576007604599, 0.8102230429649353, 0.5735775828361511], [0.8483200669288635, 0.8443360328674316, 0.6434800624847412], [0.8800000548362732, 0.8771250247955322, 0.7153126001358032], [0.9100800156593323, 0.9079839587211609, 0.7861200571060181], [0.9378400444984436, 0.9363070130348206, 0.8529475927352905], [0.9625600576400757, 0.9614880084991455, 0.9128400087356567], [0.983519971370697, 0.9829210638999939, 0.9628425240516663]]}