{"name": "", "isColor": true, "ramp_basis": 2, "ramp_keys": [0.0, 0.25, 0.5, 0.75, 1.0], "ramp_values": [[0.0003073129919357598, 0.00018243934027850628, 0.24085405468940735], [0.20405010879039764, 9.681845403974876e-05, 0.39119139313697815], [0.5946293473243713, 0.0618097223341465, 0.1899968683719635], [0.9371210932731628, 0.2961269021034241, 0.052872538566589355], [0.8689308762550354, 0.9444158673286438, 0.0012066683266311884]], "plot_values": [[0.0003073129919357598, 0.00018243934027850628, 0.24085405468940735], [0.004558146931231022, 0.0001331314124399796, 0.24436651170253754], [0.00915877427905798, -3.446410801188904e-06, 0.24882613122463226], [0.014105946756899357, -0.00021541232126764953, 0.2541365623474121], [0.019396420568227768, -0.0004908845876343548, 0.26020145416259766], [0.025026949122548103, -0.0008179814903996885, 0.2669244408607483], [0.03099428489804268, -0.0011848212452605367, 0.2742091715335846], [0.03729518502950668, -0.0015795220388099551, 0.2819592356681824], [0.04392640292644501, -0.0019902021158486605, 0.29007837176322937], [0.050884686410427094, -0.002404979895800352, 0.298470139503479], [0.05816679820418358, -0.002811973448842764, 0.30703824758529663], [0.0657694861292839, -0.0031993011943995953, 0.31568625569343567], [0.07368951290845871, -0.0035550810862332582, 0.3243178725242615], [0.08192361891269684, -0.0038674315437674522, 0.33283668756484985], [0.09046857059001923, -0.004124470986425877, 0.3411463797092438], [0.09932111203670502, -0.0043143173679709435, 0.34915056824684143], [0.10847800225019455, -0.0044250888749957085, 0.3567529022693634], [0.11793600022792816, -0.004444904159754515, 0.3638570308685303], [0.127691850066185, -0.0043618809431791306, 0.3703666031360626], [0.1377423107624054, -0.004164137877523899, 0.37618523836135864], [0.1480841338634491, -0.0038397929165512323, 0.3812165856361389], [0.15871407091617584, -0.0033769647125154734, 0.38536426424980164], [0.16962888836860657, -0.0027637712191790342, 0.38853195309638977], [0.180825337767601, -0.0019883306231349707, 0.3906232714653015], [0.19230015575885773, -0.001038761343806982, 0.39154189825057983], [0.20405010879039764, 9.681845403974876e-05, 0.39119139313697815], [0.2162664383649826, 0.0012937041465193033, 0.3895738124847412], [0.22911247611045837, 0.0024334529880434275, 0.3868086636066437], [0.24254313111305237, 0.003537339624017477, 0.38297566771507263], [0.2565132975578308, 0.004626639187335968, 0.3781546652317047], [0.27097782492637634, 0.0057226247154176235, 0.3724254071712494], [0.28589165210723877, 0.006846573669463396, 0.3658677041530609], [0.3012096881866455, 0.008019759319722652, 0.3585613965988159], [0.3168867528438568, 0.00926345493644476, 0.3505862355232239], [0.33287784457206726, 0.010598938912153244, 0.34202200174331665], [0.3491377830505371, 0.012047480791807175, 0.3329485058784485], [0.3656214773654938, 0.01363036036491394, 0.32344555854797363], [0.3822838366031647, 0.01536884717643261, 0.31359297037124634], [0.39907974004745483, 0.017284223809838295, 0.3034704923629761], [0.41596412658691406, 0.019397756084799767, 0.29315799474716187], [0.4328918159008026, 0.021730724722146988, 0.282735139131546], [0.4498177468776703, 0.024304399266839027, 0.2722818851470947], [0.46669676899909973, 0.027140062302350998, 0.2618778645992279], [0.4834838807582855, 0.03025897964835167, 0.25160300731658936], [0.5001338720321655, 0.033682432025671005, 0.24153704941272736], [0.5166017413139343, 0.03743169456720352, 0.23175978660583496], [0.5328422784805298, 0.04152803122997284, 0.22235102951526642], [0.5488103628158569, 0.04599273204803467, 0.2133905589580536], [0.5644609928131104, 0.05084706470370293, 0.20495818555355072], [0.5797490477561951, 0.05611230432987213, 0.19713367521762848], [0.5946293473243713, 0.0618097223341465, 0.1899968683719635], [0.6095308065414429, 0.06768303364515305, 0.1832653284072876], [0.6248658299446106, 0.07349266856908798, 0.1766061782836914], [0.6405647993087769, 0.07928497344255447, 0.17002353072166443], [0.6565581560134888, 0.08510628342628479, 0.16352149844169617], [0.6727762222290039, 0.0910029336810112, 0.15710416436195374], [0.6891493797302246, 0.09702128171920776, 0.1507757008075714], [0.7056081295013428, 0.10320766270160675, 0.14454011619091034], [0.7220827341079712, 0.10960842669010162, 0.138401597738266], [0.7385035753250122, 0.11626989394426346, 0.1323642134666443], [0.7548010349273682, 0.12323843687772751, 0.12643207609653473], [0.770905613899231, 0.13056038320064545, 0.12060930579900742], [0.7867475748062134, 0.13828207552433014, 0.11489998549222946], [0.8022572994232178, 0.14644984900951385, 0.10930824279785156], [0.8173652291297913, 0.15511006116867065, 0.10383817553520203], [0.8320016860961914, 0.1643090546131134, 0.09849388897418976], [0.8460971117019653, 0.17409315705299377, 0.09327949583530426], [0.8595818281173706, 0.18450871109962463, 0.08819910138845444], [0.8723862767219543, 0.19560210406780243, 0.0832568034529686], [0.8844407796859741, 0.20741958916187286, 0.07845670729875565], [0.8956758379936218, 0.22000761330127716, 0.07380294054746628], [0.9060215950012207, 0.23341241478919983, 0.0692995935678482], [0.915408730506897, 0.2476804405450821, 0.06495077162981033], [0.9237673878669739, 0.26285797357559204, 0.060760583728551865], [0.9310280680656433, 0.27899131178855896, 0.056733135133981705], [0.9371210932731628, 0.2961269021034241, 0.052872538566589355], [0.9419108033180237, 0.31492602825164795, 0.049191053956747055], [0.9453691840171814, 0.33588317036628723, 0.045693881809711456], [0.9475881457328796, 0.35879433155059814, 0.042374540120363235], [0.9486597180366516, 0.38345566391944885, 0.03922652825713158], [0.9486756324768066, 0.4096631407737732, 0.036243367940187454], [0.9477280378341675, 0.4372127950191498, 0.03341856971383095], [0.9459089040756226, 0.4659006893634796, 0.030745645985007286], [0.943310022354126, 0.4955229163169861, 0.0282181017100811], [0.9400233626365662, 0.525875449180603, 0.025829454883933067], [0.9361409544944763, 0.5567544102668762, 0.023573219776153564], [0.9317547678947449, 0.5879557728767395, 0.021442903205752373], [0.9269565343856812, 0.6192756295204163, 0.01943201571702957], [0.9218383431434631, 0.6505099534988403, 0.017534075304865837], [0.916492223739624, 0.6814548969268799, 0.0157425869256258], [0.9110100269317627, 0.7119064331054688, 0.014051067642867565], [0.905483603477478, 0.7416606545448303, 0.01245302613824606], [0.900005042552948, 0.7705135941505432, 0.010941978543996811], [0.8946662545204163, 0.7982612252235413, 0.009511430747807026], [0.8895591497421265, 0.8246996998786926, 0.008154897950589657], [0.884775698184967, 0.8496249914169312, 0.006865891627967358], [0.8804077506065369, 0.8728331923484802, 0.005637922789901495], [0.8765473961830139, 0.8941203355789185, 0.004464505240321159], [0.8732864856719971, 0.9132825136184692, 0.0033391485922038555], [0.8707169890403748, 0.9301156401634216, 0.0022553657181560993]]}