{"name": "Reverse Sharp", "isColor": false, "ramp_basis": 5, "ramp_keys": [0.0, 0.4483734369277954, 0.5487977266311646, 1.0], "ramp_values": [1.0, 1.0, 0.0, 0.0], "plot_values": [1.0, 1.0, 1.0, 1.0, 1.0, 1.0, 1.0, 1.0, 0.9999979734420776, 0.9999560117721558, 0.9998189210891724, 0.9995477795600891, 0.9991128444671631, 0.9984904527664185, 0.9976596832275391, 0.9966018199920654, 0.995299220085144, 0.9937342405319214, 0.9918896555900574, 0.989747166633606, 0.9872881770133972, 0.9844927787780762, 0.9813395738601685, 0.9778056144714355, 0.9738657474517822, 0.9694922566413879, 0.9646546840667725, 0.9593188762664795, 0.953446626663208, 0.9469945430755615, 0.9399133324623108, 0.9321463108062744, 0.9236277341842651, 0.9142805933952332, 0.9040136933326721, 0.892717719078064, 0.8802595138549805, 0.8664742708206177, 0.851153552532196, 0.8340276479721069, 0.8147828578948975, 0.7932350635528564, 0.7692592144012451, 0.7427583932876587, 0.7136827111244202, 0.6820544600486755, 0.6479960083961487, 0.6117569208145142, 0.5737316608428955, 0.5344575643539429, 0.49458616971969604, 0.45482781529426575, 0.41588059067726135, 0.3783629834651947, 0.34276658296585083, 0.3094369173049927, 0.2785791754722595, 0.25028011202812195, 0.2245360165834427, 0.20127996802330017, 0.1804048866033554, 0.16178014874458313, 0.14518797397613525, 0.1303158849477768, 0.11691334843635559, 0.10478562861680984, 0.09377775341272354, 0.083763986825943, 0.07464060187339783, 0.06632082909345627, 0.05873119458556175, 0.051808785647153854, 0.045499205589294434, 0.03975503519177437, 0.034534573554992676, 0.029800882562994957, 0.025521017611026764, 0.02166537567973137, 0.01820717193186283, 0.0151220066472888, 0.012387470342218876, 0.009982808493077755, 0.007888617925345898, 0.006086540874093771, 0.00455897394567728, 0.00328874122351408, 0.0022587229032069445, 0.0014513912610709667, 0.0008481853874400258, 0.00042861426481977105, 0.00016887202218640596, 3.954614658141509e-05, 1.5097122059160029e-06, 0.0, 0.0, 0.0, 0.0, 0.0, 0.0, 0.0]}