{"name": "", "isColor": true, "ramp_basis": 0, "ramp_keys": [0.0, 0.25, 0.5, 0.75, 1.0], "ramp_values": [[0.20000000298023224, 0.0, 1.0], [0.0, 0.8500000238418579, 1.0], [0.0, 1.0, 0.10000000149011612], [0.949999988079071, 1.0, 0.0], [1.0, 0.0, 0.0]], "plot_values": [[0.20000000298023224, 0.0, 1.0], [0.18400000035762787, 0.06800000369548798, 1.0], [0.1679999977350235, 0.13600000739097595, 1.0], [0.15199999511241913, 0.20400001108646393, 1.0], [0.13600000739097595, 0.2720000147819519, 1.0], [0.12000000476837158, 0.3400000035762787, 1.0], [0.10400000214576721, 0.40800002217292786, 1.0], [0.08799999952316284, 0.47600001096725464, 1.0], [0.07200000435113907, 0.5440000295639038, 1.0], [0.0560000017285347, 0.6119999885559082, 1.0], [0.03999999910593033, 0.6800000071525574, 1.0], [0.024000000208616257, 0.7480000257492065, 1.0], [0.00800000037997961, 0.8160000443458557, 1.0], [0.0, 0.8560000658035278, 0.9639999866485596], [0.0, 0.8680000305175781, 0.8920000195503235], [0.0, 0.8799999952316284, 0.8199999928474426], [0.0, 0.8919999599456787, 0.7480000257492065], [0.0, 0.9040000438690186, 0.6759999990463257], [0.0, 0.9160000085830688, 0.6040000319480896], [0.0, 0.9280000329017639, 0.5320000052452087], [0.0, 0.9399999976158142, 0.46000000834465027], [0.0, 0.9520000219345093, 0.3879999816417694], [0.0, 0.9639999866485596, 0.31599998474121094], [0.0, 0.9760000109672546, 0.24400000274181366], [0.0, 0.9879999756813049, 0.1720000058412552], [0.0, 1.0, 0.10000000149011612], [0.07599999755620956, 1.0, 0.09200000017881393], [0.15199999511241913, 1.0, 0.08399999886751175], [0.2280000001192093, 1.0, 0.07599999755620956], [0.30399999022483826, 1.0, 0.06800000369548798], [0.3799999952316284, 1.0, 0.06000000238418579], [0.4560000002384186, 1.0, 0.052000001072883606], [0.5320000052452087, 1.0, 0.04399999976158142], [0.6079999804496765, 1.0, 0.036000002175569534], [0.6840000152587891, 1.0, 0.02800000086426735], [0.7599999904632568, 1.0, 0.019999999552965164], [0.8359999656677246, 1.0, 0.012000000104308128], [0.9120000004768372, 1.0, 0.004000000189989805], [0.9520000219345093, 0.9599999785423279, 0.0], [0.9559999704360962, 0.8799999952316284, 0.0], [0.9599999785423279, 0.800000011920929, 0.0], [0.9639999866485596, 0.7200000286102295, 0.0], [0.9679999947547913, 0.6399999856948853, 0.0], [0.972000002861023, 0.5600000023841858, 0.0], [0.9760000109672546, 0.47999998927116394, 0.0], [0.9800000190734863, 0.4000000059604645, 0.0], [0.9839999675750732, 0.3199999928474426, 0.0], [0.9879999756813049, 0.23999999463558197, 0.0], [0.9919999837875366, 0.1599999964237213, 0.0], [0.9959999918937683, 0.07999999821186066, 0.0]]}